cdr3_1,cdr3_2
CSARDGNGQPQHF,CSARDGWGQPQHF
CASSLNGYQPQHF,CASSLQGYQPQHF
CASSSGYNEQFF,CASSSGFNEQFF
CASSSGTSNYGYTF,CASSSQTSNYGYTF
CASSSVLNTEAFF,CASSSVRNTEAFF
CASSRGQGGGYTF,CASSRGQGRGYTF
CASSFDGSNQPQHF,CASSPDGSNQPQHF
CASSSYTVGGTETFF,CASSSYTVGGTEAFF
CASSSYTVGGTEAFF,CASSSYTVGGTETFF
CASSSVRNTEAFF,CASSSVLNTEAFF
CASSLRDTEAFF,CASSLIDTEAFF
CASSPDGSNQPQHF,CASSFDGSNQPQHF
CASSRGQGRGYTF,CASSRGQGGGYTF
CASSLPGSNEQFF,CASSLTGSNEQFF
CASSLVPESYNEQFF,CASSLVPGSYNEQFF
CSARDGWGQPQHF,CSARDGNGQPQHF
CSAGVAGGRYEQYF,CSVGVAGGRYEQYF
CASSSLAGAYEQYF,CASSFLAGAYEQYF
CSVGVAGGRYEQYF,CSAGVAGGRYEQYF
CASSLGGGTTDTQYF,CASSLEGGTTDTQYF
CASNWDRGRRYTEAFF,CASNWDRGRRNTEAFF
CASSLTGSNEQFF,CASSLPGSNEQFF
CASSLEAMNTEAFF,CASSLESMNTEAFF
CASSIGPSNQPQHF,CASSLGPSNQPQHF
CASSPRPGNEKLFF,CASSPGPGNEKLFF
CASSLGPSNQPQHF,CASSIGPSNQPQHF
CASSLESMNTEAFF,CASSLEAMNTEAFF
CASSLLANTGELFF,CASSLLTNTGELFF
CASSLKPGTDTQYF,CASSLSPGTDTQYF
CASSLVPGSYNEQFF,CASSLVPESYNEQFF
CASSSRVDSYNEQFF,CASSSRSDSYNEQFF
CASSLIDTEAFF,CASSLRDTEAFF
CASSETQETQYF,CASSGTQETQYF
CASSLGSGNNEQFF,CASSLSSGNNEQFF
CASSSGFNEQFF,CASSSGYNEQFF
CASSKLAGNPGELFF,CARSKLAGNPGELFF
CASSLLTNTGELFF,CASSLLANTGELFF
CASSLEGGTTDTQYF,CASSLGGGTTDTQYF
CASSGTQETQYF,CASSETQETQYF
CASSFLAGAYEQYF,CASSSLAGAYEQYF
CASSEGPPETQYF,CASSRGPPETQYF
CASNWDRGRRNTEAFF,CASNWDRGRRYTEAFF
CASSLSPGTDTQYF,CASSLKPGTDTQYF
CASSSQTSNYGYTF,CASSSGTSNYGYTF
CARSKLAGNPGELFF,CASSKLAGNPGELFF
CASSSRSDSYNEQFF,CASSSRVDSYNEQFF
CASSPGPGNEKLFF,CASSPRPGNEKLFF
CASSSIYNEQFF,CASSSGYNEQFF
CASSLQGYQPQHF,CASSLNGYQPQHF
CASSSGYNEQFF,CASSSIYNEQFF
CASSLSSGNNEQFF,CASSLGSGNNEQFF
CASSRGPPETQYF,CASSEGPPETQYF
